{
    "accuracy": 0.9113233287858117,
    "precision": 0.7407407407407407,
    "recall": 0.13986013986013987,
    "f1_score": 0.23529411764705882,
    "auc": 0.9022723308437595,
    "confusion_matrix": [
        [
            1316,
            7
        ],
        [
            123,
            20
        ]
    ]
}